DROP TABLE IF EXISTS Contact;
CREATE TABLE IF NOT EXISTS Contact
(
	i_contact	INT UNSIGNED NOT NULL
	-- more details here
) TYPE=InnoDB;


DROP TABLE IF EXISTS BillingParty;
CREATE TABLE IF NOT EXISTS BillingParty
(
	i_party		INT UNSIGNED NOT NULL,
	name		VARCHAR(32) NOT NULL,
	i_contact	INT UNSIGNED NOT NULL,
	i_billing_data	INT UNSIGNED NOT NULL,
) TYPE=InnoDB;

INSERT INTO BillingParty VALUES
	(0,		"DEFAULT CUSTOMER", 0, 0),
	(1010004,	"Test Customer 1", 0, 0),
	(1010005,	"Test Customer 2", 0, 0),
	(1010007,	"Test Customer 3", 0, 0),
	(1010008,	"Test Customer 4", 0, 0),
	(1010009,	"Test Customer 5", 0, 0),
	(1010010,	"Test Customer 6", 0, 0),
	(1010011,	"Test Customer 7", 0, 0),
	(1010012,	"Test Customer 8", 0, 0),
	(1010013,	"Test Customer 9", 0, 0),
	(1010014,	"Test Customer 10", 0, 0),
	(1010015,	"Test Customer 11", 0, 0),
	(1010016,	"Test Customer 12", 0, 0),
	(1010021,	"Test Customer 13", 0, 0),
	(1010022,	"Test Customer 14", 0, 0),
	(1010023,	"Test Customer 15", 0, 0);

DROP TABLE IF EXISTS IdentifierType;
CREATE TABLE IF NOT EXISTS IdentifierType
(
	i_type		INT UNSIGNED NOT NULL,
	name		VARCHAR(25) NOT NULL
) TYPE=InnoDB;

INSERT INTO IdentifierType VALUES
	(0,	"ANY"),
	(1,	"Reporting Gateway ID"),
	(2,	"Ingress IP"),
	(3,	"Egress IP"),
	(4,	"Ingress Trunk"),
	(5,	"Egress Trunk"),
	(6,	"Dialed Number"),
	(7,	"Origin Number"),
	(8,	"Originating Country"),
	(9,	"Terminating Country"),
	(10,	"Originating Province"),
	(11,	"Terminating Province"),
	(12,	"Originating City"),
	(13,	"Terminating City"),
	(14,	"Originating LATA"),
	(15,	"Terminating LATA"),
	(16,	"Originating OCN"),
	(17,	"Terminating OCN"),
	(18,	"Payphone"),
	(19,	"Prison");

DROP TABLE IF EXISTS BillingPartyIdentifier;
CREATE TABLE IF NOT EXISTS BillingPartyIdentifier
(
	i_identifier	INT UNSIGNED NOT NULL,
	i_party		INT UNSIGNED NOT NULL,
	i_type		INT UNSIGNED NOT NULL,
	ident		VARCHAR(15) NOT NULL
) TYPE=InnoDB;

INSERT INTO BillingPartyIdentifier VALUES
	(0, 0, 0, "<null>"),
	(1, 1010004, 1, "RAMBLER"),
	(2, 1010004, 1, "othergw");


DROP TABLE IF EXISTS Tariff;
CREATE TABLE IF NOT EXISTS Tariff
(
	i_tariff	INT UNSIGNED NOT NULL,
	i_party		INT UNSIGNED NOT NULL,
	description	VARCHAR(25) NOT NULL,
	priority	INT UNSIGNED NOT NULL
) TYPE=InnoDB;

INSERT INTO Tariff VALUES
	(0, 0,       "DEFAULT TARIFF", 0),
	(1, 1010004, "Tariff A", 1),
	(2, 1010004, "Tariff B", 2);

DROP TABLE IF EXISTS TariffIdentifier;
CREATE TABLE IF NOT EXISTS TariffIdentifier
(
	i_identifier	INT UNSIGNED NOT NULL,
	i_tariff	INT UNSIGNED NOT NULL,
	i_type		INT UNSIGNED NOT NULL,
	priority	INT UNSIGNED NOT NULL,
	ident		VARCHAR(15) NOT NULL
) TYPE=InnoDB;

INSERT INTO TariffIdentifier VALUES
	(0, 0, 0, 100000, "<null>"),
	(1, 1, 1, 2, "RAMBLER"),
	(2, 2, 1, 2, "othergw");

DROP TABLE IF EXISTS Period;
CREATE TABLE IF NOT EXISTS Period
(
	i_period	INT UNSIGNED NOT NULL,
	period		VARCHAR(255) NOT NULL,
	description	VARCHAR(15) NOT NULL
) TYPE=InnoDB;

INSERT INTO Period VALUES
	(0, "md {0-31}", "always"),
	(1, "dw {1-6}", "mon-fri"),
	(2, "dw {7-1}", "sat-sun");

DROP TABLE IF EXISTS PeriodTariffMap;
CREATE TABLE IF NOT EXISTS PeriodTariffMap
(
	i_period	INT UNSIGNED NOT NULL,
	i_tariff	INT UNSIGNED NOT NULL,
	priority	INT UNSIGNED NOT NULL
) TYPE=InnoDB;

INSERT INTO PeriodTariffMap VALUES
	(0, 0, 0),
	(1, 1, 0),
	(1, 2, 0);

DROP TABLE IF EXISTS Bracket;
CREATE TABLE IF NOT EXISTS Bracket
(
	i_bracket	INT UNSIGNED NOT NULL,
	i_bracket_index INT UNSIGNED NOT NULL,
	duration	INT UNSIGNED NOT NULL
) TYPE=InnoDB;

INSERT INTO Bracket VALUES
	(0, 0, 0), -- default bracketing (single bracket)

	(1, 0, 600), -- 10min/* brackets
	(1, 1, 0),

	(2, 0, 15*60), -- 3 brackets, 15m/15m/*
	(2, 1, 15*60),
	(2, 2, 0);

DROP TABLE IF EXISTS RateInterval;
CREATE TABLE IF NOT EXISTS RateInterval
(
	i_interval	INT UNSIGNED NOT NULL,
	i_interval_index INT UNSIGNED NOT NULL,
	duration	INT UNSIGNED NOT NULL
) TYPE=InnoDB;

INSERT INTO RateInterval VALUES
	(0, 0, 6), -- default; per second billing

	(1, 0, 1), -- 10th of minute billing

	(2, 0, 30), -- 30/6 billing
	(2, 1, 6),

	(3, 0, 60), -- test 60/30/30/10
	(3, 1, 30),
	(3, 2, 30),
	(3, 3, 10);


DROP TABLE IF EXISTS RateIdentifier;
CREATE TABLE IF NOT EXISTS RateIdentifier
(
	i_identifier	INT UNSIGNED NOT NULL PRIMARY KEY,
	i_type		INT UNSIGNED NOT NULL,
	ident		VARCHAR(15) NOT NULL
) TYPE=InnoDB;

INSERT INTO RateIdentifier VALUES
	(0, 0, "<null>"),
	-- term lata identifiers
	(1, 15, "120"), (2, 15, "122"), (3, 15, "124"), (4, 15, "126"),
	(5, 15, "128"), (6, 15, "130"), (7, 15, "132"), (8, 15, "133"),
	(9, 15, "134"), (10, 15, "136"), (11, 15, "138"), (12, 15, "140"),
	(13, 15, "220"), (14, 15, "222"), (15, 15, "224"), (16, 15, "226"),
	(17, 15, "228"), (18, 15, "230"), (19, 15, "232"), (20, 15, "234"),
	(21, 15, "236"), (22, 15, "238"), (23, 15, "240"), (24, 15, "242"),
	(25, 15, "244"), (26, 15, "246"), (27, 15, "248"), (28, 15, "250"),
	(29, 15, "252"), (30, 15, "254"), (31, 15, "256"), (32, 15, "320"),
	(33, 15, "322"), (34, 15, "324"), (35, 15, "325"), (36, 15, "326"),
	(37, 15, "328"), (38, 15, "330"), (39, 15, "332"), (40, 15, "334"),
	(41, 15, "336"), (42, 15, "338"), (43, 15, "340"), (44, 15, "342"),
	(45, 15, "344"), (46, 15, "346"), (47, 15, "348"), (48, 15, "350"),
	(49, 15, "352"), (50, 15, "354"), (51, 15, "356"), (52, 15, "358"),
	(53, 15, "360"), (54, 15, "362"), (55, 15, "364"), (56, 15, "366"),
	(57, 15, "368"), (58, 15, "370"), (59, 15, "374"), (60, 15, "376"),
	(61, 15, "420"), (62, 15, "422"), (63, 15, "424"), (64, 15, "426"),
	(65, 15, "428"), (66, 15, "430"), (67, 15, "432"), (68, 15, "434"),
	(69, 15, "436"), (70, 15, "438"), (71, 15, "440"), (72, 15, "442"),
	(73, 15, "444"), (74, 15, "446"), (75, 15, "448"), (76, 15, "450"),
	(77, 15, "452"), (78, 15, "454"), (79, 15, "456"), (80, 15, "458"),
	(81, 15, "460"), (82, 15, "462"), (83, 15, "464"), (84, 15, "466"),
	(85, 15, "468"), (86, 15, "470"), (87, 15, "472"), (88, 15, "474"),
	(89, 15, "476"), (90, 15, "477"), (91, 15, "478"), (92, 15, "480"),
	(93, 15, "482"), (94, 15, "484"), (95, 15, "486"), (96, 15, "488"),
	(97, 15, "490"), (98, 15, "492"), (99, 15, "520"), (100, 15, "521"),
	(101, 15, "522"), (102, 15, "524"), (103, 15, "526"), (104, 15, "528"),
	(105, 15, "530"), (106, 15, "532"), (107, 15, "534"), (108, 15, "536"),
	(109, 15, "538"), (110, 15, "540"), (111, 15, "542"), (112, 15, "544"),
	(113, 15, "546"), (114, 15, "548"), (115, 15, "550"), (116, 15, "552"),
	(117, 15, "554"), (118, 15, "556"), (119, 15, "558"), (120, 15, "560"),
	(121, 15, "562"), (122, 15, "564"), (123, 15, "566"), (124, 15, "568"),
	(125, 15, "570"), (126, 15, "620"), (127, 15, "624"), (128, 15, "626"),
	(129, 15, "628"), (130, 15, "630"), (131, 15, "632"), (132, 15, "634"),
	(133, 15, "635"), (134, 15, "636"), (135, 15, "638"), (136, 15, "640"),
	(137, 15, "644"), (138, 15, "646"), (139, 15, "648"), (140, 15, "650"),
	(141, 15, "652"), (142, 15, "654"), (143, 15, "656"), (144, 15, "658"),
	(145, 15, "660"), (146, 15, "664"), (147, 15, "666"), (148, 15, "668"),
	(149, 15, "670"), (150, 15, "672"), (151, 15, "674"), (152, 15, "676"),
	(153, 15, "720"), (154, 15, "721"), (155, 15, "722"), (156, 15, "724"),
	(157, 15, "726"), (158, 15, "728"), (159, 15, "730"), (160, 15, "732"),
	(161, 15, "734"), (162, 15, "736"), (163, 15, "738"), (164, 15, "740"),
	(165, 15, "820"), (166, 15, "822"), (167, 15, "832"), (168, 15, "834"),
	(169, 15, "870"), (170, 15, "871"), (171, 15, "920"), (172, 15, "921"),
	(173, 15, "922"), (174, 15, "923"), (175, 15, "924"), (176, 15, "927"),
	(177, 15, "928"), (178, 15, "929"), (179, 15, "932"), (180, 15, "937"),
	(181, 15, "938"), (182, 15, "939"), (183, 15, "949"), (184, 15, "951"),
	(185, 15, "952"), (186, 15, "953"), (187, 15, "955"), (188, 15, "956"),
	(189, 15, "958"), (190, 15, "960"), (191, 15, "961"), (192, 15, "963"),
	(193, 15, "973"), (194, 15, "974"), (195, 15, "976"), (196, 15, "977"),
	(197, 15, "978"), (198, 15, "980"), (199, 15, "981"), (200, 15, "44813"),
	(201, 15, "44814"), (202, 15, "44815"), (203, 15, "45009"), (204, 15, "45010"),
	(205, 15, "45204"), (206, 15, "45207"),	(207, 15, "45402"), (208, 15, "45403"),
	(209, 15, "45601"), (210, 15, "45806"), (211, 15, "45807"), (212, 15, "45808"),
	(213, 15, "46017"), (214, 15, "46018"), (215, 15, "93901"), (216, 15, "93902"),
	(217, 15, "45012"), (218, 15, "45205"),	(219, 15, "45011"),
	(300, 15, ""),
	(1000, 1, "xRAMBLER"); 


DROP TABLE IF EXISTS Rate;
CREATE TABLE IF NOT EXISTS Rate
(
	i_rate		INT UNSIGNED NOT NULL AUTO_INCREMENT PRIMARY KEY,
	i_tariff	INT UNSIGNED NOT NULL,
	i_identifier	INT UNSIGNED NOT NULL
) TYPE=InnoDB;

INSERT INTO Rate VALUES
	(0, 1, 1000),
	(NULL, 1, 1), (NULL, 1, 2), (NULL, 1, 3), (NULL, 1, 4), (NULL, 1, 5),
	(NULL, 1, 6), (NULL, 1, 7), (NULL, 1, 8), (NULL, 1, 9), (NULL, 1, 10),
	(NULL, 1, 11), (NULL, 1, 12), (NULL, 1, 13), (NULL, 1, 14), (NULL, 1, 15),
	(NULL, 1, 16), (NULL, 1, 17), (NULL, 1, 18), (NULL, 1, 19), (NULL, 1, 20),
	(NULL, 1, 21), (NULL, 1, 22), (NULL, 1, 23), (NULL, 1, 24), (NULL, 1, 25),
	(NULL, 1, 26), (NULL, 1, 27), (NULL, 1, 28), (NULL, 1, 29), (NULL, 1, 30),
	(NULL, 1, 31), (NULL, 1, 32), (NULL, 1, 33), (NULL, 1, 34), (NULL, 1, 35),
	(NULL, 1, 36), (NULL, 1, 37), (NULL, 1, 38), (NULL, 1, 39), (NULL, 1, 40),
	(NULL, 1, 41), (NULL, 1, 42), (NULL, 1, 43), (NULL, 1, 44), (NULL, 1, 45),
	(NULL, 1, 46), (NULL, 1, 47), (NULL, 1, 48), (NULL, 1, 49), (NULL, 1, 50),
	(NULL, 1, 51), (NULL, 1, 52), (NULL, 1, 53), (NULL, 1, 54), (NULL, 1, 55),
	(NULL, 1, 56), (NULL, 1, 57), (NULL, 1, 58), (NULL, 1, 59), (NULL, 1, 60),
	(NULL, 1, 61), (NULL, 1, 62), (NULL, 1, 63), (NULL, 1, 64), (NULL, 1, 65),
	(NULL, 1, 66), (NULL, 1, 67), (NULL, 1, 68), (NULL, 1, 69), (NULL, 1, 70),
	(NULL, 1, 71), (NULL, 1, 72), (NULL, 1, 73), (NULL, 1, 74), (NULL, 1, 75),
	(NULL, 1, 76), (NULL, 1, 77), (NULL, 1, 78), (NULL, 1, 79), (NULL, 1, 80),
	(NULL, 1, 81), (NULL, 1, 82), (NULL, 1, 83), (NULL, 1, 84), (NULL, 1, 85),
	(NULL, 1, 86), (NULL, 1, 87), (NULL, 1, 88), (NULL, 1, 89), (NULL, 1, 90),
	(NULL, 1, 91), (NULL, 1, 92), (NULL, 1, 93), (NULL, 1, 94), (NULL, 1, 95),
	(NULL, 1, 96), (NULL, 1, 97), (NULL, 1, 98), (NULL, 1, 99), (NULL, 1, 100),
	(NULL, 1, 101), (NULL, 1, 102), (NULL, 1, 103), (NULL, 1, 104), (NULL, 1, 105),
	(NULL, 1, 106), (NULL, 1, 107), (NULL, 1, 108), (NULL, 1, 109), (NULL, 1, 110),
	(NULL, 1, 111), (NULL, 1, 112), (NULL, 1, 113), (NULL, 1, 114), (NULL, 1, 115),
	(NULL, 1, 116), (NULL, 1, 117), (NULL, 1, 118), (NULL, 1, 119), (NULL, 1, 120),
	(NULL, 1, 121), (NULL, 1, 122), (NULL, 1, 123), (NULL, 1, 124), (NULL, 1, 125),
	(NULL, 1, 126), (NULL, 1, 127), (NULL, 1, 128), (NULL, 1, 129), (NULL, 1, 130),
	(NULL, 1, 131), (NULL, 1, 132), (NULL, 1, 133), (NULL, 1, 134), (NULL, 1, 135),
	(NULL, 1, 136), (NULL, 1, 137), (NULL, 1, 138), (NULL, 1, 139), (NULL, 1, 140),
	(NULL, 1, 141), (NULL, 1, 142), (NULL, 1, 143), (NULL, 1, 144), (NULL, 1, 145),
	(NULL, 1, 146), (NULL, 1, 147), (NULL, 1, 148), (NULL, 1, 149), (NULL, 1, 150),
	(NULL, 1, 151), (NULL, 1, 152), (NULL, 1, 153), (NULL, 1, 154), (NULL, 1, 155),
	(NULL, 1, 156), (NULL, 1, 157), (NULL, 1, 158), (NULL, 1, 159), (NULL, 1, 160),
	(NULL, 1, 161), (NULL, 1, 162), (NULL, 1, 163), (NULL, 1, 164), (NULL, 1, 165),
	(NULL, 1, 166), (NULL, 1, 167), (NULL, 1, 168), (NULL, 1, 169), (NULL, 1, 170),
	(NULL, 1, 171), (NULL, 1, 172), (NULL, 1, 173), (NULL, 1, 174), (NULL, 1, 175),
	(NULL, 1, 176), (NULL, 1, 177), (NULL, 1, 178), (NULL, 1, 179), (NULL, 1, 180),
	(NULL, 1, 181), (NULL, 1, 182), (NULL, 1, 183), (NULL, 1, 184), (NULL, 1, 185),
	(NULL, 1, 186), (NULL, 1, 187), (NULL, 1, 188), (NULL, 1, 189), (NULL, 1, 190),
	(NULL, 1, 191), (NULL, 1, 192), (NULL, 1, 193), (NULL, 1, 194), (NULL, 1, 195),
	(NULL, 1, 196), (NULL, 1, 197), (NULL, 1, 198), (NULL, 1, 199), (NULL, 1, 200),
	(NULL, 1, 201), (NULL, 1, 202), (NULL, 1, 203), (NULL, 1, 204), (NULL, 1, 205),
	(NULL, 1, 206), (NULL, 1, 207), (NULL, 1, 208), (NULL, 1, 209), (NULL, 1, 210),
	(NULL, 1, 211), (NULL, 1, 212), (NULL, 1, 213), (NULL, 1, 214), (NULL, 1, 215),
	(NULL, 1, 216), (NULL, 1, 300);

DROP TABLE IF EXISTS RateBracketMap;
CREATE TABLE IF NOT EXISTS RateBracketMap
(
	i_rate		INT UNSIGNED NOT NULL,
	i_bracket	INT UNSIGNED NOT NULL,
	i_bracket_index INT UNSIGNED NOT NULL,
);

INSERT INTO RateBracketMap VALUES
	(1, 0, 0), (2, 0, 0), (3, 0, 0), (4, 0, 0), (5, 0, 0), (6, 0, 0),
        (7, 0, 0), (8, 0, 0), (9, 0, 0), (10, 0, 0), (11, 0, 0), (12, 0, 0),
        (13, 0, 0), (14, 0, 0), (15, 0, 0), (16, 0, 0), (17, 0, 0), (18, 0, 0),
        (19, 0, 0), (20, 0, 0), (21, 0, 0), (22, 0, 0), (23, 0, 0), (24, 0, 0),
        (25, 0, 0), (26, 0, 0), (27, 0, 0), (28, 0, 0), (29, 0, 0), (30, 0, 0),
        (31, 0, 0), (32, 0, 0), (33, 0, 0), (34, 0, 0), (35, 0, 0), (36, 0, 0),
        (37, 0, 0), (38, 0, 0), (39, 0, 0), (40, 0, 0), (41, 0, 0), (42, 0, 0),
        (43, 0, 0), (44, 0, 0), (45, 0, 0), (46, 0, 0), (47, 0, 0), (48, 0, 0),
        (49, 0, 0), (50, 0, 0), (51, 0, 0), (52, 0, 0), (53, 0, 0), (54, 0, 0),
        (55, 0, 0), (56, 0, 0), (57, 0, 0), (58, 0, 0), (59, 0, 0), (60, 0, 0),
        (61, 0, 0), (62, 0, 0), (63, 0, 0), (64, 0, 0), (65, 0, 0), (66, 0, 0),
        (67, 0, 0), (68, 0, 0), (69, 0, 0), (70, 0, 0), (71, 0, 0), (72, 0, 0),
        (73, 0, 0), (74, 0, 0), (75, 0, 0), (76, 0, 0), (77, 0, 0), (78, 0, 0),
        (79, 0, 0), (80, 0, 0), (81, 0, 0), (82, 0, 0), (83, 0, 0), (84, 0, 0),
        (85, 0, 0), (86, 0, 0), (87, 0, 0), (88, 0, 0), (89, 0, 0), (90, 0, 0),
        (91, 0, 0), (92, 0, 0), (93, 0, 0), (94, 0, 0), (95, 0, 0), (96, 0, 0),
        (97, 0, 0), (98, 0, 0), (99, 0, 0), (100, 0, 0), (101, 0, 0), (102, 0, 0),
        (103, 0, 0), (104, 0, 0), (105, 0, 0), (106, 0, 0), (107, 0, 0), (108, 0, 0),
        (109, 0, 0), (110, 0, 0), (111, 0, 0), (112, 0, 0), (113, 0, 0), (114, 0, 0),
        (115, 0, 0), (116, 0, 0), (117, 0, 0), (118, 0, 0), (119, 0, 0), (120, 0, 0),
        (121, 0, 0), (122, 0, 0), (123, 0, 0), (124, 0, 0), (125, 0, 0), (126, 0, 0),
        (127, 0, 0), (128, 0, 0), (129, 0, 0), (130, 0, 0), (131, 0, 0), (132, 0, 0),
        (133, 0, 0), (134, 0, 0), (135, 0, 0), (136, 0, 0), (137, 0, 0), (138, 0, 0),
        (139, 0, 0), (140, 0, 0), (141, 0, 0), (142, 0, 0), (143, 0, 0), (144, 0, 0),
        (145, 0, 0), (146, 0, 0), (147, 0, 0), (148, 0, 0), (149, 0, 0), (150, 0, 0),
        (151, 0, 0), (152, 0, 0), (153, 0, 0), (154, 0, 0), (155, 0, 0), (156, 0, 0),
        (157, 0, 0), (158, 0, 0), (159, 0, 0), (160, 0, 0), (161, 0, 0), (162, 0, 0),
        (163, 0, 0), (164, 0, 0), (165, 0, 0), (166, 0, 0), (167, 0, 0), (168, 0, 0),
        (169, 0, 0), (170, 0, 0), (171, 0, 0), (172, 0, 0), (173, 0, 0), (174, 0, 0),
        (175, 0, 0), (176, 0, 0), (177, 0, 0), (178, 0, 0), (179, 0, 0), (180, 0, 0),
        (181, 0, 0), (182, 0, 0), (183, 0, 0), (184, 0, 0), (185, 0, 0), (186, 0, 0),
        (187, 0, 0), (188, 0, 0), (189, 0, 0), (190, 0, 0), (191, 0, 0), (192, 0, 0),
        (193, 0, 0), (194, 0, 0), (195, 0, 0), (196, 0, 0), (197, 0, 0), (198, 0, 0),
        (199, 0, 0), (200, 0, 0), (201, 0, 0), (202, 0, 0), (203, 0, 0), (204, 0, 0),
        (205, 0, 0), (206, 0, 0), (207, 0, 0), (208, 0, 0), (209, 0, 0), (210, 0, 0),
        (211, 0, 0), (212, 0, 0), (213, 0, 0), (214, 0, 0), (215, 0, 0), (216, 0, 0),
        (217, 0, 0),
	(218, 0, 0);

DROP TABLE IF EXISTS RateIntervalMap;
CREATE TABLE IF NOT EXISTS RateIntervalMap
(
	i_rate		INT UNSIGNED NOT NULL,
	i_bracket	INT UNSIGNED NOT NULL,
	i_interval	INT UNSIGNED NOT NULL,
	i_interval_index INT UNSIGNED NOT NULL,
	price		FLOAT NOT NULL
) TYPE=InnoDB;

INSERT INTO RateIntervalMap VALUES
	(1, 0, 0, 0, 0.0111),
	(2, 0, 0, 0,  0.022),
	(3, 0, 0, 0, 0.0212),
	(4, 0, 0, 0,  0.023),
	(5, 0, 0, 0, 0.0208),
	(6, 0, 0, 0, 0.0177),
	(7, 0, 0, 0, 0.0208),
	(8, 0, 0, 0, 0.0177),
	(9, 0, 0, 0, 0.0273),
	(10, 0, 0, 0, 0.0215),
	(11, 0, 0, 0, 0.0218),
	(12, 0, 0, 0, 0.0243),
	(13, 0, 0, 0, 0.0214),
	(14, 0, 0, 0, 0.0173),
	(15, 0, 0, 0, 0.0172),
	(16, 0, 0, 0, 0.0148),
	(17, 0, 0, 0, 0.0186),
	(18, 0, 0, 0, 0.0144),
	(19, 0, 0, 0, 0.0178),
	(20, 0, 0, 0, 0.0193),
	(21, 0, 0, 0,  0.019),
	(22, 0, 0, 0, 0.0134),
	(23, 0, 0, 0, 0.0151),
	(24, 0, 0, 0, 0.0156),
	(25, 0, 0, 0, 0.0157),
	(26, 0, 0, 0, 0.0166),
	(27, 0, 0, 0, 0.0152),
	(28, 0, 0, 0, 0.0152),
	(29, 0, 0, 0, 0.0152),
	(30, 0, 0, 0, 0.0152),
	(31, 0, 0, 0, 0.0186),
	(32, 0, 0, 0, 0.0191),
	(33, 0, 0, 0, 0.0179),
	(34, 0, 0, 0, 0.0222),
	(35, 0, 0, 0, 0.0179),
	(36, 0, 0, 0, 0.0215),
	(37, 0, 0, 0, 0.0222),
	(38, 0, 0, 0, 0.0217),
	(39, 0, 0, 0, 0.0185),
	(40, 0, 0, 0,  0.023),
	(41, 0, 0, 0, 0.0199),
	(42, 0, 0, 0,  0.015),
	(43, 0, 0, 0, 0.0226),
	(44, 0, 0, 0, 0.0141),
	(45, 0, 0, 0, 0.0239),
	(46, 0, 0, 0, 0.0193),
	(47, 0, 0, 0, 0.0196),
	(48, 0, 0, 0, 0.0202),
	(49, 0, 0, 0, 0.0219),
	(50, 0, 0, 0, 0.0226),
	(51, 0, 0, 0, 0.0226),
	(52, 0, 0, 0, 0.0195),
	(53, 0, 0, 0, 0.0152),
	(54, 0, 0, 0, 0.0176),
	(55, 0, 0, 0, 0.0227),
	(56, 0, 0, 0, 0.0253),
	(57, 0, 0, 0, 0.0179),
	(58, 0, 0, 0, 0.0187),
	(59, 0, 0, 0, 0.0171),
	(60, 0, 0, 0, 0.0175),
	(61, 0, 0, 0,  0.023),
	(62, 0, 0, 0, 0.0197),
	(63, 0, 0, 0,  0.014),
	(64, 0, 0, 0, 0.0219),
	(65, 0, 0, 0, 0.0186),
	(66, 0, 0, 0, 0.0165),
	(67, 0, 0, 0, 0.0168),
	(68, 0, 0, 0, 0.0216),
	(69, 0, 0, 0, 0.0214),
	(70, 0, 0, 0, 0.0214),
	(71, 0, 0, 0, 0.0139),
	(72, 0, 0, 0, 0.0246),
	(73, 0, 0, 0, 0.0164),
	(74, 0, 0, 0, 0.0224),
	(75, 0, 0, 0, 0.0214),
	(76, 0, 0, 0, 0.0208),
	(77, 0, 0, 0, 0.0161),
	(78, 0, 0, 0,   0.02),
	(79, 0, 0, 0,  0.017),
	(80, 0, 0, 0, 0.0191),
	(81, 0, 0, 0, 0.0161),
	(82, 0, 0, 0, 0.0162),
	(83, 0, 0, 0, 0.0179),
	(84, 0, 0, 0, 0.0191),
	(85, 0, 0, 0, 0.0223),
	(86, 0, 0, 0, 0.0181),
	(87, 0, 0, 0, 0.0142),
	(88, 0, 0, 0, 0.0174),
	(89, 0, 0, 0, 0.0167),
	(90, 0, 0, 0, 0.0177),
	(91, 0, 0, 0, 0.0169),
	(92, 0, 0, 0, 0.0184),
	(93, 0, 0, 0, 0.0188),
	(94, 0, 0, 0, 0.0203),
	(95, 0, 0, 0, 0.0225),
	(96, 0, 0, 0, 0.0181),
	(97, 0, 0, 0, 0.0181),
	(98, 0, 0, 0, 0.0167),
	(99, 0, 0, 0,  0.017),
	(100, 0, 0, 0, 0.0134),
	(101, 0, 0, 0, 0.0198),
	(102, 0, 0, 0, 0.0211),
	(103, 0, 0, 0, 0.0165),
	(104, 0, 0, 0, 0.0194),
	(105, 0, 0, 0, 0.0194),
	(106, 0, 0, 0, 0.0194),
	(107, 0, 0, 0, 0.0194),
	(108, 0, 0, 0, 0.0199),
	(109, 0, 0, 0, 0.0157),
	(110, 0, 0, 0, 0.0186),
	(111, 0, 0, 0,  0.015),
	(112, 0, 0, 0,  0.015),
	(113, 0, 0, 0,  0.015),
	(114, 0, 0, 0, 0.0151),
	(115, 0, 0, 0, 0.0186),
	(116, 0, 0, 0,  0.015),
	(117, 0, 0, 0,  0.015),
	(118, 0, 0, 0,  0.015),
	(119, 0, 0, 0,  0.015),
	(120, 0, 0, 0,  0.015),
	(121, 0, 0, 0,  0.015),
	(122, 0, 0, 0, 0.0177),
	(123, 0, 0, 0,  0.015),
	(124, 0, 0, 0, 0.0177),
	(125, 0, 0, 0, 0.0178),
	(126, 0, 0, 0,  0.015),
	(127, 0, 0, 0, 0.0224),
	(128, 0, 0, 0, 0.0189),
	(129, 0, 0, 0, 0.0201),
	(130, 0, 0, 0, 0.0152),
	(131, 0, 0, 0, 0.0213),
	(132, 0, 0, 0, 0.0208),
	(133, 0, 0, 0, 0.0186),
	(134, 0, 0, 0, 0.0189),
	(135, 0, 0, 0, 0.0215),
	(136, 0, 0, 0, 0.0267),
	(137, 0, 0, 0, 0.0226),
	(138, 0, 0, 0, 0.0186),
	(139, 0, 0, 0, 0.0222),
	(140, 0, 0, 0, 0.0212),
	(141, 0, 0, 0, 0.0186),
	(142, 0, 0, 0, 0.0348),
	(143, 0, 0, 0, 0.0221),
	(144, 0, 0, 0, 0.0144),
	(145, 0, 0, 0, 0.0178),
	(146, 0, 0, 0, 0.0153),
	(147, 0, 0, 0, 0.0176),
	(148, 0, 0, 0,  0.015),
	(149, 0, 0, 0, 0.0176),
	(150, 0, 0, 0, 0.0206),
	(151, 0, 0, 0, 0.0176),
	(152, 0, 0, 0, 0.0148),
	(153, 0, 0, 0, 0.0216),
	(154, 0, 0, 0, 0.0275),
	(155, 0, 0, 0,  0.023),
	(156, 0, 0, 0,  0.015),
	(157, 0, 0, 0, 0.0218),
	(158, 0, 0, 0, 0.0218),
	(159, 0, 0, 0, 0.0177),
	(160, 0, 0, 0,  0.015),
	(161, 0, 0, 0,  0.015),
	(162, 0, 0, 0, 0.0184),
	(163, 0, 0, 0, 0.0195),
	(164, 0, 0, 0, 0.0199),
	(165, 0, 0, 0, 0.0188),
	(166, 0, 0, 0, 0.0765),
	(167, 0, 0, 0, 0.0695),
	(168, 0, 0, 0, 0.0899),
	(169, 0, 0, 0, 0.0495),
	(170, 0, 0, 0,  0.025),
	(171, 0, 0, 0, 0.0189),
	(172, 0, 0, 0, 0.0381),
	(173, 0, 0, 0, 0.0482),
	(174, 0, 0, 0, 0.0207),
	(175, 0, 0, 0, 0.0378),
	(176, 0, 0, 0, 0.0376),
	(177, 0, 0, 0, 0.0374),
	(178, 0, 0, 0, 0.0397),
	(179, 0, 0, 0, 0.0537),
	(180, 0, 0, 0, 0.0449),
	(181, 0, 0, 0, 0.0396),
	(182, 0, 0, 0, 0.0475),
	(183, 0, 0, 0, 0.0366),
	(184, 0, 0, 0, 0.0364),
	(185, 0, 0, 0, 0.0364),
	(186, 0, 0, 0, 0.0296),
	(187, 0, 0, 0, 0.0366),
	(188, 0, 0, 0, 0.0402),
	(189, 0, 0, 0, 0.0364),
	(190, 0, 0, 0, 0.0372),
	(191, 0, 0, 0,  0.053),
	(192, 0, 0, 0, 0.0303),
	(193, 0, 0, 0, 0.0351),
	(194, 0, 0, 0, 0.0369),
	(195, 0, 0, 0, 0.0378),
	(196, 0, 0, 0, 0.0468),
	(197, 0, 0, 0, 0.0423),
	(198, 0, 0, 0, 0.0367),
	(199, 0, 0, 0, 0.0559),
	(200, 0, 0, 0, 0.0559),
	(201, 0, 0, 0, 0.0208),
	(202, 0, 0, 0, 0.0208),
	(203, 0, 0, 0, 0.0208),
	(204, 0, 0, 0, 0.0161),
	(205, 0, 0, 0, 0.0161),
	(206, 0, 0, 0,   0.02),
	(207, 0, 0, 0,   0.02),
	(208, 0, 0, 0,  0.017),
	(209, 0, 0, 0,  0.017),
	(210, 0, 0, 0, 0.0191),
	(211, 0, 0, 0, 0.0161),
	(212, 0, 0, 0, 0.0161),
	(213, 0, 0, 0, 0.0161),
	(214, 0, 0, 0, 0.0162),
	(215, 0, 0, 0, 0.0162),
	(216, 0, 0, 0, 0.0366),
	(217, 0, 0, 0, 0.0366),
	(218, 0, 0, 0, 0.02);
