-- ----------------------------------------------------------------------
--
-- ENGINE TABLES
--
-- ----------------------------------------------------------------------

DROP TABLE IF EXISTS DestinationFlagType;
CREATE TABLE IF NOT EXISTS DestinationFlagType
(
	i_type		INT UNSIGNED NOT NULL,
	name		VARCHAR(32) NOT NULL
) TYPE=InnoDB;
INSERT INTO DestinationFlagType VALUES
	(0, 'none'),
	(1, 'lata'),
	(2, 'ocn'),
	(3, 'tollfree'),
	(4, 'information'),
	(5, 'state');


DROP TABLE IF EXISTS DestinationFlag;
CREATE TABLE IF NOT EXISTS DestinationFlag
(
	i_flag		INT UNSIGNED NOT NULL,
	i_type		INT UNSIGNED NOT NULL,
	value		VARCHAR(32) NOT NULL,
	PRIMARY KEY (i_flag)
) TYPE=InnoDB;
INSERT INTO DestinationFlag VALUES
	(0, 0, 'none'),
	-- NANP states (i_type=5)
	(1, 5, 'AB'), (2, 5, 'AI'), (3, 5, 'AK'), (4, 5, 'AL'),
	(5, 5, 'AN'), (6, 5, 'AR'), (7, 5, 'AZ'), (8, 5, 'BA'),
	(9, 5, 'BC'), (10, 5, 'BD'), (11, 5, 'BM'), (12, 5, 'BV'),
	(13, 5, 'CA'), (14, 5, 'CH'), (15, 5, 'CO'), (16, 5, 'CQ'),
	(17, 5, 'CT'), (18, 5, 'DC'), (19, 5, 'DE'), (20, 5, 'DM'),
	(21, 5, 'DR'), (22, 5, 'FL'), (23, 5, 'GA'), (24, 5, 'GN'),
	(25, 5, 'GU'), (26, 5, 'HI'), (27, 5, 'IA'), (28, 5, 'IL'),
	(29, 5, 'IN'), (30, 5, 'JM'), (31, 5, 'KA'), (32, 5, 'KS'),
	(33, 5, 'KY'), (34, 5, 'LA'), (35, 5, 'MA'), (36, 5, 'MB'),
	(37, 5, 'MD'), (38, 5, 'ME'), (39, 5, 'MI'), (40, 5, 'MN'),
	(41, 5, 'MO'), (43, 5, 'MS'), (44, 5, 'MT'), (45, 5, 'NB'),
	(46, 5, 'NC'), (47, 5, 'ND'), (48, 5, 'NE'), (49, 5, 'NF'),
	(50, 5, 'NH'), (51, 5, 'NJ'), (52, 5, 'NM'), (53, 5, 'NN'),
	(54, 5, 'NS'), (55, 5, 'NT'), (56, 5, 'NV'), (57, 5, 'NY'),
	(58, 5, 'OH'), (59, 5, 'OK'), (60, 5, 'ON'), (61, 5, 'OR'),
	(62, 5, 'PA'), (63, 5, 'PE'), (64, 5, 'PQ'), (65, 5, 'PR'),
	(66, 5, 'RI'), (67, 5, 'RT'), (68, 5, 'SA'), (69, 5, 'SC'),
	(70, 5, 'SD'), (71, 5, 'SK'), (72, 5, 'TC'), (73, 5, 'TN'),
	(74, 5, 'TR'), (75, 5, 'TS'), (76, 5, 'TX'), (77, 5, 'UT'),
	(78, 5, 'VA'), (79, 5, 'VI'), (80, 5, 'VT'), (81, 5, 'WA'),
	(82, 5, 'WI'), (83, 5, 'WV'), (84, 5, 'WY'), (85, 5, 'YT'),
	(86, 5, 'ZF'); 

DROP TABLE IF EXISTS DestinationFlagMap;
CREATE TABLE IF NOT EXISTS DestinationFlagMap
(
	i_dest		INT UNSIGNED NOT NULL,
	i_flag		INT UNSIGNED NOT NULL
) TYPE=InnoDB;

INSERT INTO DestinationFlagMap VALUES
	(11, 1), (12, 1), (13, 5), (14, 3), (15, 4), (16, 4),
	(17, 4), (18, 5), (19, 6), (20, 6), (21, 7), (22, 7),
	(23, 7), (24, 7), (25, 8), (26, 9), (27, 9), (28, 10),
	(29, 11), (30, 12), (31, 13), (32, 13), (33, 13), (34, 13),
	(35, 13), (36, 13), (37, 13), (38, 13), (39, 13), (40, 13),
	(41, 13), (42, 13), (43, 13), (44, 13), (45, 13), (46, 13),
	(47, 13), (48, 13), (49, 13), (50, 13), (51, 13), (52, 13),
	(53, 13), (54, 13), (55, 13), (56, 13), (57, 13), (58, 14),
	(59, 14), (60, 15), (62, 15), (63, 15), (64, 15), (65, 16),
	(66, 17), (67, 17), (68, 18), (69, 19), (70, 20), (71, 21),
	(72, 22), (73, 22), (74, 22), (75, 22), (76, 22), (77, 22),
	(78, 22), (79, 22), (80, 22), (81, 22), (83, 22), (84, 22),
	(85, 22), (86, 23), (87, 23), (88, 23), (89, 23), (90, 23),
	(91, 24), (92, 25), (93, 26), (94, 27), (95, 27), (96, 27),
	(99, 28), (100, 28), (101, 28), (102, 28), (103, 28), (104, 28),
	(105, 28), (106, 28), (107, 28), (108, 28), (109, 29), (110, 29),
	(112, 29), (113, 29), (114, 30), (115, 30), (116, 32), (117, 32),
	(118, 32), (119, 33), (120, 33), (121, 33), (122, 34), (123, 34),
	(124, 34), (125, 35), (126, 35), (127, 35), (128, 35), (129, 35),
	(130, 36), (131, 37), (132, 37), (133, 37), (134, 37), (135, 38),
	(136, 39), (137, 39), (138, 39), (139, 39), (140, 39), (141, 39),
	(142, 39), (143, 39), (144, 40), (145, 40), (146, 40), (147, 40),
	(148, 40), (149, 41), (150, 41), (151, 41), (152, 41), (153, 41),
	(154, 41), (155, 43), (156, 43), (157, 43), (158, 44), (159, 45),
	(160, 46), (161, 46), (162, 46), (163, 46), (164, 46), (165, 46),
	(167, 46), (168, 46), (169, 47), (170, 48), (171, 48), (172, 49),
	(173, 50), (174, 51), (175, 51), (176, 51), (177, 51), (178, 51),
	(179, 51), (180, 52), (181, 53), (182, 54), (183, 55), (184, 56),
	(185, 56), (186, 57), (187, 57), (188, 57), (189, 57), (190, 57),
	(191, 57), (192, 57), (193, 57), (194, 57), (195, 57), (196, 57),
	(197, 58), (198, 58), (199, 58), (200, 58), (201, 58), (202, 58),
	(203, 58), (204, 58), (205, 59), (206, 59), (207, 59), (208, 60),
	(209, 60), (210, 60), (211, 60), (212, 60), (213, 60), (214, 60),
	(215, 61), (216, 61), (217, 62), (218, 62), (219, 62), (220, 62),
	(221, 62), (222, 62), (223, 62), (224, 62), (225, 62), (227, 64),
	(228, 64), (229, 64), (231, 65), (232, 66), (233, 67), (234, 68),
	(237, 69), (238, 70), (239, 71), (240, 72), (241, 73), (242, 73),
	(243, 73), (244, 73), (245, 74), (246, 75), (247, 76), (248, 76),
	(249, 76), (250, 76), (251, 76), (252, 76), (253, 76), (254, 76),
	(255, 76), (256, 76), (257, 76), (258, 76), (259, 76), (261, 76),
	(262, 76), (263, 76), (264, 76), (265, 76), (267, 77), (268, 78),
	(269, 78), (270, 78), (271, 78), (272, 78), (273, 80), (274, 81),
	(275, 81), (276, 81), (277, 81), (278, 81), (279, 82), (280, 82),
	(281, 82), (282, 82), (283, 82), (284, 83), (285, 84), (287, 86);
